,Fitness,Potencia
0,1454.8,100.0
1,1454.8,100.0
2,1454.8,100.009318
3,1454.78676844,117.51329405231549
4,1429.931122445712,140.11927056794326
5,1397.8306357935205,168.81563408751663
6,1357.0817995957264,203.8064040105591
7,1307.394906305006,241.8503625587357
8,1253.3724851665952,276.76942253678016
9,1203.787419997772,302.96574973700524
10,1166.5886353734525,319.95946737778127
11,1142.4575563235505,330.79968812001295
12,1127.0644428695816,338.32033249886126
13,1116.385127851617,344.0646867182236
14,1108.2281448601225,348.72959213751966
15,1101.603979164722,352.4214033881081
16,1096.3616071888864,355.4681874925882
17,1092.0351737605247,358.06915844158186
18,1088.3417950129538,360.33927220532036
19,1085.118233468445,362.3487117394375
20,1082.2648293299987,364.14384824579327
21,1079.7157354909737,365.75860421604744
22,1077.4227820132126,367.2191111709472
23,1075.3488621372549,368.546471082426
24,1073.464011062955,369.7579889920638
25,1071.7436556312693,370.884383128525
26,1070.1441759574946,371.9180067823491
27,1068.6764303690643,372.8691239076652
28,1067.3258440511154,373.7472112284769
29,1066.0789600555627,374.5689795346877
30,1064.9120490607434,375.33155668260656
31,1063.8291895106986,376.04102351852384
32,1062.8217466036963,376.702663694068
33,1061.8822175544233,377.3147186420924
34,1061.0130995282288,377.894354851943
35,1060.190016110241,378.4382217883662
36,1059.4177250605198,378.94937675193415
37,1058.6918850122534,379.43054171026733
38,1058.0086307714205,379.8841468576146
39,1057.3645114621872,380.31235983443025
40,1056.756449035109,380.7171210424599
41,1056.181688119707,381.1002084271653
42,1055.6377040334253,381.4631192270468
43,1055.1223706975934,381.80734503297174
44,1054.6335700531802,382.1325400580802
45,1054.171793117526,382.44021811379076
46,1053.734890278417,382.73175720344807
47,1053.3209047711039,383.00838188308836
48,1052.9280977260146,383.2711806482631
49,1052.5549234794662,383.5211245239946
50,1052.2000031759276,383.7598050694575
51,1051.8610768013705,383.98653074069983
52,1051.539126348206,384.2033798636859
53,1051.231200593566,384.4103029077012
54,1050.9373698710642,384.6085763719839
55,1050.655821551783,384.7975802631694
56,1050.3874360262994,384.97787035979877
57,1050.1314240890856,385.15220753787787
58,1049.8838652962136,385.31951439712157
59,1049.6462895560874,385.4791331218816
60,1049.4196309669283,385.6315242588376
61,1049.2032355524507,385.7771251943094
62,1048.9964822240806,385.91633780010295
63,1048.7988003238538,386.04952958453475
64,1048.6096679899606,386.1773954191414
65,1048.4280985048192,386.2998523534321
66,1048.2542096581265,386.41718442433825
67,1048.0875981174397,386.52965794151527
68,1047.9278857230483,386.6375200450974
69,1047.7747215359618,386.7410001181232
70,1047.6277798322649,386.840311464639
71,1047.4867577202126,386.9356299051977
72,1047.3514055346193,387.0271879858693
73,1047.2213930600656,387.115135538303
74,1047.0965075356098,387.2000164929244
75,1046.9759765800472,387.2819312181847
76,1046.8596576701777,387.3608172355422
77,1046.74763952553,387.4369364004783
78,1046.6395503113208,387.510378973875
79,1046.5352618570973,387.5813109346809
80,1046.434538472753,387.6493765375619
81,1046.337885316662,387.7150425204985
82,1046.244639620892,387.7782730555247
83,1046.154852261155,387.83915893331897
84,1046.0683943146869,387.89778756189344
85,1045.9851416621113,387.9539574439832
86,1045.9053804295438,388.0083489935224
87,1045.8281444291981,388.0607227325971
88,1045.7537737197122,388.1111522472535
89,1045.6821638089,388.1597076575326
90,1045.6132151263037,388.20645653620124
91,1045.5468317185941,388.2514436180226
92,1045.4829500624078,388.29477204187316
93,1045.4214237005401,388.3364807561583
94,1045.3621973262552,388.3766271124632
95,1045.3051895003023,388.41524640971204
96,1045.2503500982089,388.4524692433709
97,1045.1974936744132,388.488339581711
98,1045.1465577939703,388.5228997755007
99,1045.097482318789,388.55619101089246
100,1045.0502087645327,388.588192888321
101,1045.0047660985842,388.6189512146003
102,1044.9610892752676,388.6485657543193
103,1044.9190366288667,388.6770727637076
104,1044.878556675535,388.7045071556881
105,1044.8395998389228,388.73088425791343
106,1044.8021443537627,388.7562576178881
107,1044.7661141825988,388.78057993935465
108,1044.7315764861164,388.80387220916464
109,1044.6985014629863,388.82625234024664
110,1044.6667216768496,388.8477629627944
111,1044.6361765928318,388.86836497206315
112,1044.6069217396703,388.8880922407487
113,1044.578909018137,388.90701983410565
114,1044.55203183557,388.92519139289
115,1044.526228222096,388.9426489453953
116,1044.5014384975386,388.9593429427482
117,1044.4777330212976,388.9753314216992
118,1044.4550293811872,388.99065879803015
119,1044.433264506797,389.0055896899442
120,1044.4120626402791,389.01964997862297
121,1044.3920970303552,389.03310981758625
122,1044.3729840590277,389.0459884743263
123,1044.3546963664567,389.05830441412917
124,1044.3372077319366,389.0703281774722
125,1044.3201339879893,389.0820500432626
126,1044.3034889385672,389.0934786102459
127,1044.2872603734509,389.10462219712036
128,1044.271436480089,389.1152373412032
129,1044.2563629754914,389.125412007477
130,1044.2419149493826,389.1351568711533
131,1044.2280772429622,389.1444824286754
132,1044.2148349512809,389.1533991395692
133,1044.2021732218118,389.16191740990627
134,1044.1900772779331,389.17004758182316
135,1044.1785324338111,389.1779836342534
136,1044.1672632393602,389.185547269046
137,1044.1565228779546,389.1927484606429
138,1044.146297185887,389.19941393120695
139,1044.136832217686,389.205924613689
140,1044.1275870485615,389.21192057219776
141,1044.1190727874791,389.2175985089692
142,1044.1110101172637,389.2229678137045
143,1044.1033857045395,389.2280375102211
144,1044.096186735486,389.23299459002874
145,1044.0891476821591,389.2376639500592
146,1044.082517190916,389.24204882404604
147,1044.0762906698546,389.24598756320114
148,1044.0706976602544,389.24966954871684
149,1044.065469240822,389.25324519869343
150,1044.0603918178554,389.2566152037953
151,1044.0556064106106,389.2595852050482
152,1044.0513890088314,389.2623282572409
153,1044.047493874718,389.26503622249356
154,1044.0436485640591,389.26734257671586
155,1044.0403735410634,389.2696077475263
156,1044.0371569985127,389.27166848975696
157,1044.034230744545,389.2735316406688
158,1044.0315850702502,389.27522080649874
159,1044.0291864547717,389.2767248429706
160,1044.0270507229816,389.2780500341605
161,1044.025168951492,389.2792024804954
162,1044.0235324776963,389.28018812055274
163,1044.022132868815,389.280995675309
164,1044.0209861410613,389.28164822363567
165,1044.0200595224374,389.2820080874783
166,1044.0195485157808,389.28222841625285
167,1044.019235648921,389.2823141384314
168,1044.0191139234275,389.28226988630945
169,1044.0191767614406,389.2821001544201
170,1044.0194177807234,389.2818139928568
171,1044.0198241301432,389.2815687975998
172,1044.0201723074083,389.28120986823075
173,1044.0206819871123,389.28074090093054
174,1044.0213479206786,389.2801655051057
175,1044.02216498275,389.27932986552094
176,1044.0233515909604,389.27840035372566
177,1044.0246714977095,389.27751088267115
178,1044.025934546607,389.2763966165007
179,1044.0275168045691,389.2752149164429
180,1044.029194818651,389.2739516395002
181,1044.0309886719097,389.27259290316573
182,1044.0329180775047,389.27130150391594
183,1044.0347518644394,389.2699161588053
184,1044.0367190544964,389.2683293428492
185,1044.038972333154,389.26667259207375
186,1044.0413249192552,389.26507383716245
187,1044.0435951512293,389.26340908162103
188,1044.045959104098,389.2616782247456
189,1044.0484169208612,389.2598838249371
190,1044.0509649685891,389.25815079027865
191,1044.0534258778043,389.2562339779046
192,1044.0561477513754,389.25425938757417
193,1044.0589516696446,389.25223133150376
194,1044.0618315092647,389.25015218068904
195,1044.0647839034216,389.24812492616593
196,1044.0676626048444,389.24594548786746
197,1044.070757407228,389.2437192185229
198,1044.0739187096974,389.2414503286129
199,1044.0771405333696,389.2391407648561
200,1044.0804201139044,389.2367922941394
201,1044.0837549423222,379.4449777291285
202,1057.9881316246374,379.8862780568514
203,1057.361485159271,380.2993928700559
204,1056.7748621245205,380.18616938473383
205,1056.9356394736778,380.08000831377444
206,1057.0863881944401,379.9831372604228
207,1057.2239450901998,379.89607100905823
208,1057.3475791671372,379.81764348484495
209,1057.45894625152,379.74692956180235
210,1057.5593600222405,379.6830651713451
211,1057.65004745669,379.6253260937098
212,1057.732036946932,379.5730037715931
213,1057.8063346443378,379.5254799541752
214,1057.873818465071,379.48220104342215
215,1057.9352745183405,379.4407603271804
216,1057.9941203354037,379.4046245377749
217,1058.0454331563596,379.37140474861786
218,1058.0926052569625,379.3407538357148
219,1058.136129553285,379.3122443905791
220,1058.1766129653777,379.2857324568397
221,1058.2142599112876,379.2609775369787
222,1058.24941189749,379.2377893827637
223,1058.2823390764756,379.21595785666926
224,1058.3133398435298,379.19523802052623
225,1058.3427620108528,379.1755513405206
226,1058.3707170964608,379.15674427977575
227,1058.3974231227185,379.13869212056716
228,1058.4230571887947,379.12130571123623
229,1058.4477458900446,379.1045680389085
230,1058.4715133847499,379.08840036928444
231,1058.4944714756161,379.07273333910325
232,1058.5167186584733,379.0575058796921
233,1058.538341650837,379.04266445985996
234,1058.5594164669988,379.02850870304866
235,1058.579517641671,379.0141665848976
236,1058.5998834494453,379.00005044517354
237,1058.6199283678534,378.9861356525655
238,1058.639687373357,378.97239910167923
239,1058.6591932756155,378.9588450586466
240,1058.6784400167217,378.9454053592046
241,1058.6975243899296,378.93216073678593
242,1058.7163317537638,378.91953536825736
243,1058.7342597770744,378.90698703868014
244,1058.7520784050741,378.8939766264963
245,1058.7705531903753,378.88157642672036
246,1058.7881614740572,378.8692014012114
247,1058.8057340102798,378.85637645219794
248,1058.823945437879,378.8436089261095
249,1058.8420753249245,378.8308949067639
250,1058.8601292323951,378.81822927570533
251,1058.8781144284985,378.8056075295653
252,1058.8960373080172,378.79302572222804
253,1058.9139034744362,378.780480398841
254,1058.9317178336457,378.7685283515135
255,1058.9486897408508,378.75602200824835
256,1058.9664487482873,378.74354530360347
257,1058.9841656688832,378.73109806115684
258,1059.0018407531572,378.71924137361367
259,1059.0186772494685,378.7068489309078
260,1059.036274518111,378.6945227192347
261,1059.0537777386867,378.682256267778
262,1059.0711960997553,378.67000343135885
263,1059.0885951274704,378.6577639194271
264,1059.1059752344136,378.6455095443219
265,1059.123376447063,378.6333396109052
266,1059.1406577525145,378.6211778236023
267,1059.1579274904848,378.60906643423147
268,1059.1751256633913,378.59700078461157
269,1059.1922588858515,378.58493517366026
270,1059.2093920534026,378.5728710487175
271,1059.2265231108213,378.5608513193375
272,1059.2435911265407,378.5494086541334
273,1059.2598397111306,378.5374427343427
274,1059.2768313172332,378.5254709210328
275,1059.2938312921333,378.51349737669574
276,1059.310833725092,378.5021003355255
277,1059.3270175235539,378.4906775327521
278,1059.343237903492,378.4786281537205
279,1059.3603480217168,378.4671897680207
280,1059.3765905294106,378.45570401916376
281,1059.3929002927875,378.4442062504198
282,1059.409227124404,378.43269775810285
283,1059.425569183494,378.4211818283408
284,1059.441921803756,378.4096612478176
285,1059.458281028099,378.39813845792105
286,1059.4746433897521,378.3866156078191
287,1059.4910058368969,378.3750945754218
288,1059.507365702901,378.363577007574
289,1059.5237206492448,378.3520643495972
290,1059.540068623572,378.3405578710869
291,1059.5564078230566,378.32905868837963
292,1059.572736662501,378.3175274916688
293,1059.5891109618303,378.305969977236
294,1059.605522632325,378.2943913245082
295,1059.6219643191985,378.28279608064963
296,1059.6384295654775,378.2711882370356
297,1059.6549127034095,378.25961198770574
298,1059.6713509774577,378.24802481954
299,1059.6878047562532,378.23642986574987
300,1059.7042695906352,378.22483005509554
301,1059.7207413217643,378.21322797469077
302,1059.737216275939,378.2016258926799
303,1059.7536912323944,378.1900258037016
304,1059.7701633587437,378.1784294629436
305,1059.78663016262,378.16683841590793
306,1059.8030894494107,378.1552540244657
307,1059.8195392852585,378.14367748967726
308,1059.8359779646582,378.1321098717782
309,1059.852403982075,378.1205521075238
310,1059.8688160073161,378.1090050241388
311,1059.885212865723,378.0975104912955
312,1059.9015351023604,378.0860230385509
313,1059.9178472852577,378.0745436871986
314,1059.934147964178,378.0631145025726
315,1059.950377406347,378.05169742592955
316,1059.96658965518,378.04035846782074
317,1059.9826909756944,378.0295813856672
318,1059.9979944323527,378.0187766521818
319,1060.0133371539018,378.00794750695104
320,1060.0287145401294,377.9965406711134
321,1060.044912247019,377.9857001102704
322,1060.060305843416,377.9748464927912
323,1060.0757179802365,377.96343402234413
324,1060.0919236882714,377.9520419654602
325,1060.1081004090465,377.94121677109683
326,1060.1234721850424,377.93038755377825
327,1060.138849673635,377.91905162152864
328,1060.1549466974293,377.9077746302118
329,1060.1709600250992,377.8965143786257
330,1060.1869495823516,377.8852708468262
331,1060.2029153975068,377.87408494626334
332,1060.218799376306,377.8629110662338
333,1060.2346662859482,377.85194562491995
334,1060.2502372126137,377.8413053254734
335,1060.2653464378277,377.8312000937943
336,1060.279695866812,377.82040524490696
337,1060.295024552232,377.809578876374
338,1060.310397995549,377.7987658862832
339,1060.3257524414778,377.7879337167873
340,1060.3411341221622,377.7770870216412
341,1060.3565364292695,377.76623000780427
342,1060.371953388918,377.75532981546485
343,1060.38743166204,377.74450405480627
344,1060.402804242175,377.73367275224984
345,1060.4181846918052,377.72283868630404
346,1060.4335690654482,377.71196774113406
347,1060.4490058075896,377.70110085219216
348,1060.4644367898873,377.69024005437075
349,1060.4798591227936,377.67942408646417
350,1060.495217797221,377.6686156151148
351,1060.510565826537,377.6580086947052
352,1060.5256276535188,377.6474279134704
353,1060.5406523628722,377.63687167167046
354,1060.555642226228,377.6263385752
355,1060.570599223216,377.6158280569266
356,1060.5855241591642,377.6053396318306
357,1060.6004177228006,377.5943611929161
358,1060.616007106059,377.5834287751326
359,1060.6315311393118,377.57254097263393
360,1060.6469918188598,377.56169458999966
361,1060.6623936822004,377.5508868270621
362,1060.677740705572,377.5406294424366
363,1060.69230619174,377.52986753540137
364,1060.70758809973,377.5191389939661
365,1060.722822628568,377.5084440665887
366,1060.738009425444,377.49778100497343
367,1060.7531509729379,377.48718814882244
368,1060.768192828672,377.4766975661524
369,1060.7830894560636,377.4667442894493
370,1060.797223108982,377.45730322447747
371,1060.810629421242,377.4478690270558
372,1060.8240259815807,377.43836031757724
373,1060.8375283490404,377.42878702837163
374,1060.8511224197123,377.4191600923886
375,1060.8647926688081,377.4089153172831
376,1060.879340249458,377.39866815081103
377,1060.8938912258482,377.38794042805404
378,1060.9091245921632,377.37728133422536
379,1060.9242605054,377.36672514145465
380,1060.9392502991345,377.35626320600267
381,1060.9541062474761,377.3458857777893
382,1060.9688421955393,377.3355842138968
383,1060.9834704162665,377.3253117047163
384,1060.9980573793027,377.3150669728789
385,1061.0126048985119,377.30484909754074
386,1061.0271142814922,377.2946572751543
387,1061.0415866692808,377.28449081951635
388,1061.0560230362867,377.27434914419024
389,1061.07042421525,377.2642317307222
390,1061.0847909423744,377.25413814700846
391,1061.099123831248,377.24456814209685
392,1061.1127132382226,377.2349966909083
393,1061.1263046989102,377.2249257065969
394,1061.1406054966324,377.2148814355869
395,1061.1548683614665,377.20486514721733
396,1061.1690914909514,377.1948759611569
397,1061.183276135157,377.18495122519033
398,1061.1973692602296,377.17508540399507
399,1061.211378726327,377.16523551632594
400,1061.2253655668171,377.15543982933326
401,1061.2392754423468,374.54550219328024
402,1064.9453868855421,374.6654412649335
403,1064.7750734037945,374.77854552530926
404,1064.614465354061,374.7319938768141
405,1064.680568694924,374.689782513239
406,1064.7405088312007,374.6497733025887
407,1064.7973219103242,374.6135009039019
408,1064.8488287164591,374.58042830786576
409,1064.8957918028304,374.5501007174444
410,1064.938856981229,374.5221183708153
411,1064.9785919134424,374.49613865087576
412,1065.0154831157565,374.4720365263703
413,1065.0497081325543,374.4492156576564
414,1065.0821137661278,374.42763922903794
415,1065.112752294766,374.40693068100563
416,1065.1421584329719,374.3873316773465
417,1065.169989018168,374.36850470132583
418,1065.1967233241173,374.3503360904322
419,1065.2225227515862,374.3327281385835
420,1065.2475260432116,374.31559853911494
421,1065.2718500744568,374.29887724326903
422,1065.295594314558,374.2819134113316
423,1065.3196829559092,374.2658700314479
424,1065.3424645553441,374.2500798812082
425,1065.3648865686844,374.23450636883274
426,1065.3870009562575,374.21911569809646
427,1065.408855708703,374.20388195950943
428,1065.4304876174965,374.18875713144797
429,1065.451964873344,374.1737760322256
430,1065.4732380342398,374.15889533782297
431,1065.4943686202914,374.1441016166865
432,1065.5153757043051,374.12938336673403
433,1065.5362756192376,374.11473094966954
434,1065.5570820514693,374.0993839665194
435,1065.5788747675424,374.0841239776278
436,1065.6005439517685,374.0697029576669
437,1065.6210218001129,374.05531774752353
438,1065.6414487985166,374.040960881074
439,1065.661835548875,374.02662615989937
440,1065.6821908529428,374.01231202903216
441,1065.7025169187743,373.9972447015788
442,1065.7239125237581,373.98223652477526
443,1065.7452241348192,373.9680578899898
444,1065.7653577962146,373.9531147601907
445,1065.7865770405292,373.9382184803541
446,1065.807729757897,373.9241474547022
447,1065.8277106143228,373.91007866161976
448,1065.8476883005,373.89607999083904
449,1065.8675664130085,373.882039428265
450,1065.8875040118637,373.867991770183
451,1065.9074516863402,373.8539399236155
452,1065.927405308466,373.83988676907734
453,1065.9473607879102,373.82576820664536
454,1065.9674091465636,373.81243764072514
455,1065.9863385501703,373.798211039731
456,1066.0065403235822,373.78401027525365
457,1066.0267054091398,373.7698024887364
458,1066.0468804659943,373.75556217636245
459,1066.0671017095653,373.74129608969236
460,1066.0873595526368,373.72701017138655
461,1066.107645556631,373.7127095155579
462,1066.1279524879078,373.6983984890885
463,1066.1482741454943,373.684148924703
464,1066.1685085269219,373.6698863782535
465,1066.1887613428798,373.65642503219726
466,1066.2078764542798,373.64287877295874
467,1066.2271121423987,373.62851579649697
468,1066.2475075689742,373.61412799881253
469,1066.2679382416864,373.59978886044826
470,1066.2882998181635,373.5854987181762
471,1066.3085918201898,373.5712835531123
472,1066.3287773545803,373.55716871305066
473,1066.3488204274681,373.54300809280085
474,1066.3689285082228,373.52884108483084
475,1066.3890456595402,373.51470576036354
476,1066.4091178202839,373.5005687496792
477,1066.4291923754554,373.4864660324386
478,1066.4492182339372,373.47242679866906
479,1066.46915394589,373.4584795981987
480,1066.4889589705576,373.4445133397921
481,1066.5087910574953,373.4298230471583
482,1066.5296512730351,373.4160008776529
483,1066.5492787537328,373.4022202770769
484,1066.5688472065508,373.38847726659
485,1066.5883622814422,373.37476474739685
486,1066.6078340586964,373.3610806319131
487,1066.6272655026833,373.3473867260001
488,1066.64671084908,373.3337566064734
489,1066.6660656188078,373.32015052105766
490,1066.685386260098,373.3065675054601
491,1066.7046741422466,373.2929694570311
492,1066.723983371016,373.27943202643826
493,1066.7432065224575,373.2659154444105
494,1066.762400068937,373.25241930156324
495,1066.7815645917804,373.2389430871857
496,1066.8007008161962,373.225486572675
497,1066.8198090668016,373.21201153416115
498,1066.8389436214911,373.1985960145263
499,1066.8579936593726,373.1851996772538
500,1066.8770164582995,373.17182246152817
501,1066.89601210463,373.1583982148846
502,1066.9150745348638,373.14489763000705
503,1066.9342453653899,373.13147475486824
504,1066.953305848087,373.1180866808515
505,1066.9723169131908,373.10466483426546
506,1066.991375935343,373.09201796529663
507,1067.009334489279,373.0785066819741
508,1067.0285205115968,373.0649843455625
509,1067.0477222293011,373.0522437207145
510,1067.0658139165853,373.03945836910964
511,1067.0839691158644,373.0266339838013
512,1067.1021797430021,373.01377560868383
513,1067.120438635669,373.00089161361313
514,1067.1387339086693,372.9879891509777
515,1067.1570554056116,372.97507429199334
516,1067.1753945053695,372.9613973589498
517,1067.1948157502911,372.9485138721191
518,1067.2131103015909,372.9356288724407
519,1067.2314070011341,372.9227455966893
520,1067.249701252701,372.90982177540286
521,1067.268053078928,372.89690390338524
522,1067.286396457193,372.8839945263712
523,1067.3047277725527,372.87109581600646
524,1067.323043941271,372.858209392577
525,1067.3413426625407,372.84533663069345
526,1067.3596219844153,372.82938783916455
527,1067.3822692683862,372.8138568938575
528,1067.4043232107224,372.7987021325139
529,1067.4258429718302,372.7838704409585
530,1067.446903973839,372.7693943891073
531,1067.4674599674677,372.75522242147855
532,1067.4875841615003,372.74131049578693
533,1067.5073390959824,372.7276210276612
534,1067.526778140721,372.7141223477464
535,1067.5459462662002,372.70078778209586
536,1067.564881349424,372.68759487488256
537,1067.5836152776667,372.6745247243968
538,1067.6021748913565,372.6615614242784
539,1067.6205827775248,372.6486915921275
540,1067.638857939179,372.6359039719707
541,1067.6570163598017,372.6231890990667
542,1067.6750714793252,372.6098496072632
543,1067.6940135576863,372.5966037821952
544,1067.712822629283,372.583444658467
545,1067.7315085849768,372.57106218974843
546,1067.7490916905572,372.5587140100668
547,1067.7666261057052,372.54568708665767
548,1067.785124336946,372.5327241210543
549,1067.8035317481028,372.5198228021565
550,1067.8218516209377,372.5069774014553
551,1067.8400920899335,372.4941830263631
552,1067.8582601025644,372.48143553626943
553,1067.8763615384973,372.46873142958987
554,1067.8944013699825,372.4560677462515
555,1067.912383800323,372.4434419839039
556,1067.9303123828563,372.430852032005
557,1067.9481901145527,372.4182961105705
558,1067.9660195229899,372.4057727199623
559,1067.9838027376536,372.3932805982128
560,1068.0015415505377,372.3815334016179
561,1068.0182225697026,372.3697750427629
562,1068.0349194392766,372.3579607659111
563,1068.0516957124062,372.34618687797047
564,1068.068414633282,372.3344095773993
565,1068.085138400093,372.32263322165096
566,1068.1018608252557,372.31016212687445
567,1068.1195697798382,372.29843695870443
568,1068.1362195186398,372.2867198308905
569,1068.1528578401355,372.2749664092824
570,1068.1695476988189,372.26327114248255
571,1068.1861549776747,372.251586980005
572,1068.202746488393,372.239181036369
573,1068.2203629283558,372.22756613850606
574,1068.2368560833215,372.21596524243205
575,1068.2533293557465,372.2043797985756
576,1068.2697806860226,372.19280725281334
577,1068.2862137010052,372.18052056450233
578,1068.3036607984068,372.16897272723196
579,1068.3200587273304,372.15744284365206
580,1068.336431162014,372.1459795116681
581,1068.3527090934313,372.13380450640483
582,1068.3699976009052,372.1216873093973
583,1068.3872040206556,372.1102533023279
584,1068.4034403106944,372.0981144545236
585,1068.4206774745765,372.085983219464
586,1068.437903828361,372.0738616183876
587,1068.4551165018897,372.06181103475603
588,1068.4722283306464,372.049757074024
589,1068.4893449548858,372.03776267875844
590,1068.506376996163,372.0258182297068
591,1068.5233381138164,372.01385246869324
592,1068.5403294944556,372.0018677461096
593,1068.5573478005244,371.989866465772
594,1068.5743896186036,371.9778506654052
595,1068.5914520551246,371.9658220686879
596,1068.6085326624632,371.9537821335434
597,1068.6256293703682,371.94173209304995
598,1068.642740427869,371.92973623231313
599,1068.6597745501153,371.9184203760187
600,1068.6758430660534,371.90774643048854
601,1068.6910000687062,372.32225701825706
602,1068.102395034075,372.28710248721467
603,1068.152314468155,372.27966145898654
604,1068.162880728239,372.26936279162146
605,1068.1775048358975,372.25885300325956
606,1068.1924287353713,372.2480390877872
607,1068.2077844953421,372.23698449819045
608,1068.2234820125695,372.2257311097945
609,1068.239461824092,372.21431468522616
610,1068.255673146979,372.2027651922749
611,1068.2720734269697,372.1911077942993
612,1068.288626932095,372.1793636185388
613,1068.3053036616748,372.16750507185895
614,1068.3221427979602,372.15631452834333
615,1068.3380333697523,372.14432442393394
616,1068.355059318014,372.13235330628515
617,1068.372058305075,372.12036139785954
618,1068.3890868150395,372.10835957141273
619,1068.4061294085939,372.09635307809054
620,1068.4231786291114,372.08434653447597
621,1068.440227921044,372.07234380242147
622,1068.4572718005616,372.06034811980925
623,1068.4743056698708,372.04836223738266
624,1068.4913256229165,372.0363420607196
625,1068.508394273778,372.02438495110596
626,1068.5253733694294,372.01244337280906
627,1068.5423304106112,372.00051872144564
628,1068.5592634155473,371.98861193015387
629,1068.5761710591814,371.9766772156387
630,1068.593118353793,371.9647648574008
631,1068.6100339024908,371.9528129120745
632,1068.627005664854,371.94089369914843
633,1068.6439309472094,371.92900637550537
634,1068.6608109467825,371.91708723580786
635,1068.677736125153,371.90514469428683
636,1068.6946945341128,371.8931862766386
637,1068.7116754871731,371.88121837390304
638,1068.7286699090578,371.869246380217
639,1068.7456701400918,371.8580017385651
640,1068.7616375312375,371.8467165395737
641,1068.7776625138054,371.83467698544797
642,1068.794758680664,371.8226562069863
643,1068.8118281860793,371.81065935520417
644,1068.8288637156102,371.799392666761
645,1068.8448624131993,371.78810895757965
646,1068.8608852802367,371.7761075064434
647,1068.8779273408504,371.76483730464116
648,1068.8939310274095,371.75286497715246
649,1068.9109317324435,371.74167102287737
650,1068.9268271475141,371.7297319430649
651,1068.9437806408478,371.7178321773862
652,1068.9606783081117,371.7067076347414
653,1068.9764751586672,371.6948464912331
654,1068.9933179824488,371.68371051921997
655,1069.0091310627076,371.67189114604895
656,1069.0259145726104,371.66011313865215
657,1069.042639343114,371.64905636602924
658,1069.0583399602383,371.6373228045396
659,1069.0750016175539,371.62562957995766
660,1069.0916059964602,371.6139783417069
661,1069.108150754776,371.6023666998053
662,1069.1246392862763,371.5914681034565
663,1069.1401152930916,371.5806153920795
664,1069.1555261432472,371.5697085085823
665,1069.171013917813,371.55817813145427
666,1069.187387053335,371.5473571370414
667,1069.2027528654012,371.5365382010871
668,1069.2181157544562,371.52572472548997
669,1069.2334708898043,371.5149162547296
670,1069.248818918284,371.5034587725188
671,1069.2650885430232,371.4920531058694
672,1069.2812845896656,371.4807483783233
673,1069.2973373027808,371.4695503895448
674,1069.3132384468463,371.4584465066607
675,1069.3290059605417,371.4474256685729
676,1069.3446555506264,371.4360708887127
677,1069.360779338028,371.42478334016414
678,1069.3768076569668,371.4141940021307
679,1069.3918445169743,371.4036278529025
680,1069.4068484488785,371.3924424383429
681,1069.422731737553,371.3813131402251
682,1069.4385353408802,371.3708243332538
683,1069.4534294467796,371.3604035884703
684,1069.4682269043722,371.3493590301837
685,1069.483910177139,371.33836548534794
686,1069.499521010806,371.3274228722462
687,1069.5150595214104,371.31652747354826
688,1069.5305309875614,371.30567611407787
689,1069.5459399180095,371.29486613313065
690,1069.5612900909546,371.2840952848945
691,1069.5765846954498,371.27336167909624
692,1069.5918264156833,371.26266372519785
693,1069.607017510219,371.2520587801527
694,1069.6220765321832,371.241536689207
695,1069.637017901326,371.2310885082781
696,1069.6518543182451,371.2214528349649
697,1069.6655369743498,371.2110870561684
698,1069.6802563802407,371.2007777815705
699,1069.6948955501698,371.1911145458277
700,1069.7086173449247,371.1808249163426
701,1069.7232286187937,371.1705879107891
702,1069.7377651666793,371.1604494378172
703,1069.7521617982995,371.1503569716012
704,1069.7664931003264,371.140257352819
705,1069.780834558997,371.13019427071254
706,1069.7951241355881,371.1201214721205
707,1069.8094275095889,371.1100503123513
708,1069.823728556461,371.1000297436123
709,1069.8379577640706,371.090056447602
710,1069.852119844405,371.0801272789855
711,1069.8662192638405,371.07018418581396
712,1069.8803384561443,371.0602882308372
713,1069.8943907122111,371.05038174355445
714,1069.9084579241526,371.040470343832
715,1069.9225321117585,371.03055914427676
716,1069.936606015127,371.02065244832926
717,1069.9506735233724,371.0107538859902
718,1069.9647294818938,371.0008664960148
719,1069.978769575659,370.9909928421734
720,1069.9927901641138,370.98123929785476
721,1070.0066401970462,370.97144275216976
722,1070.0205512919188,370.9617077036226
723,1070.0343750608558,370.9519844958195
724,1070.0481820159362,370.94232954051887
725,1070.0618920524632,370.93273638313417
726,1070.0755143359495,370.92319948605615
727,1070.0890567298002,370.9136645098307
728,1070.1025963960403,370.90417956874126
729,1070.1160650123875,370.894737405025
730,1070.1294728848643,370.8853437761336
731,1070.1428118378903,370.87594240044075
732,1070.156161791374,370.86653848466034
733,1070.1695153517821,370.85713677235094
734,1070.1828657832616,370.8477412519557
735,1070.1962074222229,370.8383552732161
736,1070.2095355120332,370.827067435503
737,1070.2255642415857,370.8160090462368
738,1070.2412671543439,370.8053052410223
739,1070.2564665577484,370.79492348112353
740,1070.2712086568044,370.78476687767676
741,1070.285631033699,370.7748456522122
742,1070.2997191738586,370.76517365903504
743,1070.31345340417,370.75516158565705
744,1070.327670548367,370.7457839848113
745,1070.340986741568,370.7360503953921
746,1070.3548084385432,370.72644346308346
747,1070.3684502824215,370.71749614144983
748,1070.3811554791412,370.7086237423703
749,1070.3937542858341,370.69925540341825
750,1070.407057327146,370.6899719752689
751,1070.420239795118,370.68076747323903
752,1070.4333101880006,370.67163357696563
753,1070.4462803207089,370.6625632627007
754,1070.459160166965,370.6535987411986
755,1070.471889787498,370.6446840632887
756,1070.4845486301301,370.63576721022224
757,1070.4972105614843,370.626895988954
758,1070.5098076956851,370.6181155600748
759,1070.5222759046937,370.6093725411672
760,1070.5346909915424,370.6006649072718
761,1070.547055831674,370.59204072350974
762,1070.5593021726163,370.5834417098844
763,1070.571512771964,370.5748677377449
764,1070.5836878124023,370.56636770524466
765,1070.5957578585526,370.55783811887284
766,1070.6078698712006,370.54942628893895
767,1070.6198146697066,370.54102703322724
768,1070.6317416128172,370.5326419515664
769,1070.6436484287756,370.52427299987835
770,1070.6555323401726,370.51592181551405
771,1070.6673910219702,370.5076372297215
772,1070.6791551337956,370.4993656215888
773,1070.6909008173438,370.49110880071333
774,1070.702625502987,370.4828686064527
775,1070.7143265788372,370.47469346988566
776,1070.7259352727624,370.46704739991276
777,1070.7367926921238,370.45886812723154
778,1070.748407259331,370.45070670542344
779,1070.7599964782987,370.4425208956482
780,1070.7716203281796,370.434314142728
781,1070.7832739173264,370.4260895907194
782,1070.7949527811784,370.4178498791524
783,1070.8066531716036,370.4095972218648
784,1070.818371944952,370.4013334755717
785,1070.8301064646882,370.39306019741866
786,1070.8418545196655,370.38477869326834
787,1070.853614255559,370.3764900582119
788,1070.865384117339,370.36819521055577
789,1070.8771628010109,370.3599421342263
790,1070.8888821693986,370.35172423364713
791,1070.900551588221,370.34353564102776
792,1070.9121793897407,370.33537116015987
793,1070.923772952573,370.3271795358842
794,1070.9354050590443,370.31896459182286
795,1070.9470702796116,370.31072986626526
796,1070.9587635899034,370.30247832833487
797,1070.9704807737644,370.29471560566526
798,1070.9815038399552,370.28741294923833
799,1070.9918736120817,370.28054327682236
800,1071.0016285469123,370.2740810791242
801,1071.0108048676436,370.95666558875826
802,1070.0415348639633,370.9197674716616
803,1070.0939301902404,370.8835454807715
804,1070.1453654173044,370.84810531641665
805,1070.1956904506883,370.8194490169161
806,1070.236382395979,370.7942228067507
807,1070.272203614414,370.7718754592518
808,1070.3039368478624,370.7519562167756
809,1070.3322221721787,370.7341807751441
810,1070.3574632992954,370.7181561862099
811,1070.3802182155819,370.7035683677155
812,1070.4009329178439,370.69029109058897
813,1070.4197866513637,370.67802076563817
814,1070.4372105127936,370.66659977856904
815,1070.453428314432,370.65589618896166
816,1070.4686274116743,370.64579904787297
817,1070.4829653520205,370.63621508010726
818,1070.4965745862478,370.6270658867429
819,1070.509566440825,370.61828558535126
820,1070.5220344688012,370.6098188207165
821,1070.5340572745827,370.60189190197633
822,1070.5453134991935,370.59420037786117
823,1070.5562354634371,370.58670700484885
824,1070.5668760531146,370.579380702219
825,1070.577279402849,370.57219707542095
826,1070.5874801529021,370.5651358611785
827,1070.5975070771265,370.55818021834676
828,1070.6073840899476,370.5513161417586
829,1070.6171310787026,370.54453198399364
830,1070.626764582729,370.53781805771865
831,1070.6362983580395,370.5311275174767
832,1070.645798925183,370.5244600753876
833,1070.6552666929497,370.5178537191485
834,1070.6646477188092,370.5112646457508
835,1070.6740042030337,370.50469353932016
836,1070.6833351741652,370.49817862070387
837,1070.6925863586005,370.4916774171247
838,1070.7018180676828,370.4852283869918
839,1070.7109756904715,370.4787898594149
840,1070.7201183996308,370.4724004249339
841,1070.7291913965937,370.4660558246546
842,1070.7382007289905,370.4601263186221
843,1070.7466206275567,370.4541769902455
844,1070.7550686738514,370.448207771522
845,1070.7635449644388,370.44226387047587
846,1070.7719853039243,370.4358705655376
847,1070.7810637969365,370.42993528448665
848,1070.789491896029,370.42395693420593
849,1070.7979811534276,370.4179820591184
850,1070.806465476052,370.41201138380814
851,1070.8149438349924,370.4060480858744
852,1070.8234117180584,370.40013426178206
853,1070.8318093482694,370.3938523423323
854,1070.840729673888,370.38798137105994
855,1070.849066453095,370.3821217528216
856,1070.8573871109934,370.37623574407627
857,1070.8657452434118,370.37036421823746
858,1070.8740828101027,370.36446935380496
859,1070.8824535175968,370.3586330533263
860,1070.8907410642767,370.3528143728306
861,1070.8990035905804,370.3469802889123
862,1070.9072879897444,370.341169894489
863,1070.9155387498256,370.3353498193142
864,1070.9238032565738,370.3295582247143
865,1070.9320273209057,370.3237941194767
866,1070.940212350343,370.3180566229589
867,1070.9483595953984,370.31234476998816
868,1070.9564704266168,370.3066577432047
869,1070.9645460046493,370.30064469836316
870,1070.9730845283243,370.2946769306436
871,1070.981558758486,370.2887527176503
872,1070.9899711409366,370.2828684755744
873,1070.9983267646844,370.27737096421896
874,1071.0061332308092,370.2718874113929
875,1071.013919875822,370.26641662411504
876,1071.0216883937567,370.2609577352968
877,1071.0294400158787,370.25551214077933
878,1071.0371727600932,370.25008102806703
879,1071.0448849401448,370.2446653877026
880,1071.0525751494624,370.2392348074582
881,1071.0602865734093,370.23375788304884
882,1071.0680638060708,370.2282787998072
883,1071.0758441042738,370.22316204776837
884,1071.083109892169,370.2176682294369
885,1071.0909111141996,370.21218313182715
886,1071.0986999528054,370.2067108876829
887,1071.1064705394901,370.2012527728929
888,1071.114221062492,370.1958098282643
889,1071.1219500438647,370.19038291902984
890,1071.1296562549776,370.18497275879565
891,1071.1373386825103,370.17957993637134
892,1071.1449964903527,370.1742361484791
893,1071.1525846691598,370.16893684700875
894,1071.1601096772474,370.1636469574081
895,1071.1676213204805,370.1584343836939
896,1071.1750231751548,370.15325773918363
897,1071.1823740103591,370.1480787440973
898,1071.1897281833817,370.1429677632961
899,1071.1969857761196,370.13788521249654
900,1071.204202998255,370.1328294911581
901,1071.2113821225555,370.1277990620005
902,1071.2185253319592,370.12279285503047
903,1071.2256341458567,370.1174662446855
904,1071.2331979325465,370.11252642217687
905,1071.240212480509,370.10760733319455
906,1071.2471975868639,370.1023656050248
907,1071.2546408408648,370.0971635566304
908,1071.2620277495848,370.0920000036654
909,1071.2693599947952,370.0868718482337
910,1071.276641975508,370.081776470327
911,1071.2838774121356,370.07671166743296
912,1071.2910694322452,370.07198287824707
913,1071.2977843128892,370.06695563622856
914,1071.3049229965554,370.06229577177817
915,1071.3115400040751,370.0573027026894
916,1071.3186301621809,370.0526746491026
917,1071.3252019982742,370.0480520263322
918,1071.3317661226083,370.04340352690764
919,1071.3383669917912,370.03879753892386
920,1071.344907494728,370.0342004632956
921,1071.35143534212,370.02928562001847
922,1071.3584144195738,370.02440386661675
923,1071.3653465094042,370.0195548882043
924,1071.37223205875,370.01506102038076
925,1071.3786133510594,370.0105436182614
926,1071.3850280620686,370.0057448198099
927,1071.3918423558698,370.001265206624
928,1071.398203406594,369.99650807518196
929,1071.4049585332416,369.9917796440002
930,1071.4116729055197,369.9870799850355
931,1071.4183464212497,369.98240738130374
932,1071.4249815185485,369.9777603682403
933,1071.4315802770989,369.97313771374206
934,1071.4381444464861,369.9685383778655
935,1071.444675503431,369.96396148180884
936,1071.4511746958315,369.95940628337723
937,1071.4576430776042,369.95487215087843
938,1071.4640815457526,369.950672016129
939,1071.4700457370968,369.94647226013427
940,1071.4760093906093,369.94227362565664
941,1071.4819714515675,369.9380768499854
942,1071.4879308730206,369.93385352846394
943,1071.4939279895812,369.9296695505021
944,1071.499869238287,369.92549377248565
945,1071.5057988430704,369.9213276582429
946,1071.511714725295,369.9171722311118
947,1071.5176154318212,369.91302851741915
948,1071.5234995052647,369.9088973594803
949,1071.529365749538,369.90477944630373
950,1071.5352131862487,369.90067533979965
951,1071.5410410174845,369.89658549556964
952,1071.546848596291,369.89251028156474
953,1071.5526354001781,369.88844999356064
954,1071.5584010091438,369.8841481492776
955,1071.564509628026,369.87987817093705
956,1071.5705729972692,369.8758936652498
957,1071.5762309953452,369.8716680989625
958,1071.5822312994733,369.8674701365582
959,1071.5881924060873,369.863299547098
960,1071.594114643121,369.8591545653221
961,1071.6000005172427,369.8550336920666
962,1071.6058521572654,369.8509356648362
963,1071.6116713559327,369.8468594194285
964,1071.6174596244114,369.8428040573288
965,1071.623218238593,369.83876881856304
966,1071.6289482776406,369.8347530589988
967,1071.6346506562218,369.83100676444144
968,1071.639970394493,369.8270133673663
969,1071.6456410183398,369.82303893777106
970,1071.651284708365,369.819084544615
971,1071.6568999466467,369.8153956473246
972,1071.662138180799,369.8117101133271
973,1071.6673716390756,369.8080283266824
974,1071.672599776111,369.80435070093847
975,1071.6778220046674,369.800679105721
976,1071.683035669876,369.7969874410427
977,1071.6882778337194,369.79327875724266
978,1071.6935441647154,369.78955576696507
979,1071.6988308109096,369.78582089136364
980,1071.7041343342635,369.78207613725993
981,1071.7094518850909,369.7783231657462
982,1071.7147811046402,369.77456335067467
983,1071.7201200420418,369.7707978282733
984,1071.725467083852,369.76702753822036
985,1071.730820895727,369.7632532576291
986,1071.7361803741667,369.7594756291597
987,1071.7415446065934,369.755673053457
988,1071.746944264091,369.7518494249548
989,1071.7523738165642,369.7480303365526
990,1071.7577969220952,369.74429833103005
991,1071.7630963699373,369.7405567206708
992,1071.7684094566475,369.7368064214046
993,1071.7737348816054,369.73304829967185
994,1071.779071414466,369.7299832251951
995,1071.783423820223,369.7271277946592
996,1071.787478531584,369.7244693315365
997,1071.7912535492183,369.7219959732597
998,1071.7947657179711,369.719696506996
999,1071.7980309600657,369.71756039096795
1000,1071.8010642448255,369.7155777140356
1001,1071.8038796460694,370.1691226752473
1002,1071.1598458011488,370.1509078647835
1003,1071.1857108320073,370.13269255493424
1004,1071.2115765719934,370.1145717024989
1005,1071.2373081824517,370.0992229000076
1006,1071.2591034819893,370.0862493022874
1007,1071.2775259907519,370.07523746130585
1008,1071.2931628049457,370.06584522193054
1009,1071.3064997848587,370.0577882481153
1010,1071.3179406876761,370.05083085556174
1011,1071.3278201851022,370.04477784536283
1012,1071.3364154595847,370.03946768102554
1013,1071.3439558929438,370.03476678666806
1014,1071.3506311629312,370.0305647916374
1015,1071.3565979958748,370.0267705709556
1016,1071.3619857892431,370.02330895140324
1017,1071.3669012890073,370.0201179740121
1018,1071.3714324769028,370.01714662073323
1019,1071.375651798559,370.0143529278067
1020,1071.3796188425144,370.01170242092815
1021,1071.383382562282,370.00916681791034
1022,1071.3869831185673,370.00672295359493
1023,1071.3904534058952,370.00435188925303
1024,1071.3938203172606,370.0020381750562
1025,1071.39710579142,369.9997692394997
1026,1071.4003276799103,369.99753488407316
1027,1071.4035004646162,369.9953062842725
1028,1071.406665076333,369.99311919791444
1029,1071.4097707389615,369.9909464284277
1030,1071.4128560716326,369.9887837554209
1031,1071.4159270673022,369.9866277302221
1032,1071.4189886230847,369.98447577889965
1033,1071.4220443939626,369.98232592042615
1034,1071.4250971929948,369.98017665700445
1035,1071.4281491470538,369.9780069293999
1036,1071.4312301602522,369.9758570512678
1037,1071.4342829871998,369.9737052735491
1038,1071.4373385115603,369.9714002778334
1039,1071.4406116054765,369.9692528269982
1040,1071.4436609856625,369.9671023495725
1041,1071.446714663607,369.9649489799666
1042,1071.4497724484474,369.9627920516411
1043,1071.4528352866696,369.9606320201239
1044,1071.455902531424,369.95846935660404
1045,1071.4589735136224,369.956304538331
1046,1071.4620475555698,369.9539881137102
1047,1071.4653368785316,369.9516798902051
1048,1071.4686145559087,369.94937977175334
1049,1071.4718807241102,369.9470868096633
1050,1071.475136730278,369.9448002610784
1051,1071.4783836292686,369.94251955956474
1052,1071.481622225418,369.94024428347916
1053,1071.4848531174596,369.9379741289228
1054,1071.4880767369295,369.9357088889574
1055,1071.4912933776804,369.9334668064445
1056,1071.4944771348487,369.9312282713319
1057,1071.4976558547087,369.9290065188622
1058,1071.5008107432157,369.9267995459722
1059,1071.5039446447195,369.9246057351305
1060,1071.5070598561147,369.9224236904131
1061,1071.5101583596133,369.9202522871966
1062,1071.5132417521809,369.9180906244123
1063,1071.5163113133344,369.9159379849434
1064,1071.5193680613802,369.91365571053456
1065,1071.5226088910408,369.91138992325506
1066,1071.5258263089777,369.90913983446086
1067,1071.5290214350657,369.9070420708987
1068,1071.532000259324,369.90481087642684
1069,1071.5351685554738,369.90259212864277
1070,1071.5383191773271,369.9005236411532
1071,1071.5412564295625,369.898458475526
1072,1071.5441889647532,369.8962583698391
1073,1071.5473131148285,369.89407021240845
1074,1071.55042029838,369.8920302331056
1075,1071.55331706899,369.88999334675316
1076,1071.5562094476104,369.8879593198676
1077,1071.559097765788,369.8859280178164
1078,1071.5619822147007,369.8839001843916
1079,1071.564861738164,369.8818764591881
1080,1071.5677354279528,369.87985738683875
1081,1071.5706025106888,369.8778434267411
1082,1071.5734623340277,369.8758349669347
1083,1071.5763143469526,369.8738323353761
1084,1071.5791580837658,369.87183581001057
1085,1071.581993149785,369.8698456278501
1086,1071.5848192084527,369.86786198986226
1087,1071.5876359743957,369.8658850672708
1088,1071.5904432044754,369.86391500618305
1089,1071.5932406912202,369.86195193144664
1090,1071.5960282573458,369.85986991357714
1091,1071.5989847227204,369.85792867747546
1092,1071.6017412779847,369.85599425061616
1093,1071.604488164125,369.8540667276559
1094,1071.6072252467286,369.8521454559411
1095,1071.6099534525636,369.8502306676531
1096,1071.6126724519327,369.8483225634937
1097,1071.615381959839,369.84642131590357
1098,1071.618081731417,369.844527068255
1099,1071.620771563078,369.8426399394811
1100,1071.6234512859369,369.84076002798076
1101,1071.6261207602674,369.83888741490256
1102,1071.6287798708383,369.8370221668759
1103,1071.6314285230362,369.83516433828277
1104,1071.6340666396386,369.8333030274188
1105,1071.6367097010652,369.83145093583425
1106,1071.6393396711153,369.82959702436136
1107,1071.6419722254068,369.82774281635864
1108,1071.6446052007707,369.82588965923946
1109,1071.6472366838798,369.82403867780675
1110,1071.6498650775143,369.8222016536405
1111,1071.6524736518304,369.8203776582419
1112,1071.6550637252965,369.8185802636171
1113,1071.6576160256636,369.8167825776291
1114,1071.6601687397665,369.8149819973285
1115,1071.6627255637936,369.8131931350031
1116,1071.6652657482955,369.81141544088484
1117,1071.6677900739435,369.8096378922889
1118,1071.6703141929497,369.80786166565315
1119,1071.6728364347725,369.8062062774031
1120,1071.6751870860876,369.8044285639772
1121,1071.6777114391525,369.80265526203016
1122,1071.6802295279172,369.8008876458998
1123,1071.6827395428222,369.79912604482956
1124,1071.685241016342,369.7973845092761
1125,1071.6877139968278,369.7956589371542
1126,1071.690164309241,369.79393758199785
1127,1071.692608633563,369.7922311147559
1128,1071.6950318170466,369.7905382711078
1129,1071.697435655027,369.7888445225765
1130,1071.6998407779415,369.78716330468046
1131,1071.7022281073537,369.78548390002624
1132,1071.7046128619627,369.78380716529324
1133,1071.7069938252835,369.7821338813743
1134,1071.7093698884485,369.7805611799988
1135,1071.7116031244018,369.7790830235189
1136,1071.7137021066033,369.7774065553781
1137,1071.7160826913632,369.7757371249624
1138,1071.7184532825534,369.7740759773043
1139,1071.720812112228,369.7724358896723
1140,1071.7231410366653,369.7708127362294
1141,1071.7254459145543,369.76920485273445
1142,1071.727729109117,369.7676107813999
1143,1071.729992690412,369.76602932331656
1144,1071.7322383608905,369.7644594826275
1145,1071.734467534669,369.76290043155143
1146,1071.736681387197,369.7613514811984
1147,1071.7388808966982,369.75981205751236
1148,1071.7410668783323,369.7582816813785
1149,1071.7432400124426,369.7567475594897
1150,1071.7454184655246,369.75522254732243
1151,1071.747583982802,369.75369733534563
1152,1071.7497497838092,369.75217303272177
1153,1071.751914293535,369.7506506243299
1154,1071.7540761134514,369.74913987977004
1155,1071.7562213707265,369.7476400637566
1156,1071.7583511094656,369.74615048854247
1157,1071.7604663062698,369.7446616495542
1158,1071.762580457633,369.74317447517615
1159,1071.76469224525,369.74169854417585
1160,1071.7667880672702,369.74032329567734
1161,1071.768740920138,369.7388624030926
1162,1071.7708153876085,369.7374024759736
1163,1071.7728884841174,369.73595302356983
1164,1071.774946706531,369.73451397132357
1165,1071.7769901607205,369.7330846875797
1166,1071.7790197436368,369.7316645799484
1167,1071.7810362964733,369.7302531494825
1168,1071.7830405277348,369.7288385115881
1169,1071.7850493135447,369.7274325191157
1170,1071.7870458228558,369.7260462023889
1171,1071.789014392608,369.7246671715003
1172,1071.7909726164694,369.7232951557066
1173,1071.7929208788967,369.72192993052334
1174,1071.794859498657,369.72056020510325
1175,1071.7968045087532,369.7191866016919
1176,1071.7987550255975,369.71780971208983
1177,1071.8007102088325,369.7164300974842
1178,1071.8026692615724,369.71504014914655
1179,1071.804642988212,369.7136415058551
1180,1071.8066290616857,369.7122355930838
1181,1071.808625457821,369.710823601874
1182,1071.810630485339,369.70940652703104
1183,1071.812642731616,369.70798519944935
1184,1071.8146610167819,369.7065603131154
1185,1071.816684355376,369.7051407812712
1186,1071.818700090595,369.70372579921434
1187,1071.8207093651156,369.70230625149674
1188,1071.8227251228745,369.70088282445994
1189,1071.824746389267,369.6994561502187
1190,1071.8267722666894,369.69802675715374
1191,1071.8288020048417,369.6965950865661
1192,1071.8308349770762,369.6958350911592
1193,1071.8319141705538,369.6951290710567
1194,1071.8329167190996,369.6944737391373
1195,1071.833847290425,369.69386600615036
1196,1071.8347102712664,369.69330298537517
1197,1071.8355097607673,369.69278194604925
1198,1071.83624963661,369.6923003224048
1199,1071.8369335421853,369.6918557032381
1200,1071.837564901402,369.6914458226277
1201,1071.8381469318688,369.90200596027563
1202,1071.5391515364086,369.8908467499528
1203,1071.554997615067,369.880190212082
1204,1071.5701298988433,369.8712497282732
1205,1071.5828253858522,369.86374940139876
1206,1071.5934758500139,369.85744311845013
1207,1071.6024307718008,369.85213748722424
1208,1071.6099647681417,369.8471561283055
1209,1071.6170382978062,369.84347501201273
1210,1071.6222654829419,369.8403842126906
1211,1071.6266544179794,369.83775317135013
1212,1071.6303904966828,369.83549954165613
1213,1071.6335906508484,369.8335585485421
1214,1071.6363468610703,369.83187945300546
1215,1071.638731176732,369.8304266880239
1216,1071.640794103006,369.8291539373556
1217,1071.642601408955,369.828033436439
1218,1071.6441925202566,369.8270367756653
1219,1071.6456077785551,369.82614056580667
1220,1071.6468803965545,369.82532553952353
1221,1071.6480377338767,369.82457709861177
1222,1071.6491005199714,369.82387580267476
1223,1071.6500963602018,369.8232227702671
1224,1071.6510236662207,369.8225979077384
1225,1071.6519109710116,369.8219966251471
1226,1071.6527647922912,369.821411878408
1227,1071.6535951326605,369.8208414877166
1228,1071.6544050874422,369.8202819192342
1229,1071.6551996746875,369.8197302866294
1230,1071.655982992986,369.8191842533764
1231,1071.6567583602055,369.8186769428321
1232,1071.6574787411782,369.81817099804505
1233,1071.658197182776,369.8176650572646
1234,1071.6589156186842,369.81715676074384
1235,1071.6596373997436,369.8166063851232
1236,1071.6604189331251,369.8160948602386
1237,1071.6611452984612,369.81558018635036
1238,1071.6618761353825,369.81502316323076
1239,1071.6626671082122,369.8145053118637
1240,1071.6634024571536,369.81398487558397
1241,1071.6641414766707,369.81346182905344
1242,1071.6648842027441,369.8128960517777
1243,1071.6656876064756,369.8123299534926
1244,1071.6664914660405,369.81180344404106
1245,1071.6672391094617,369.81127422243384
1246,1071.667990604144,369.810738919391
1247,1071.6687507344648,369.81019828671845
1248,1071.6695184328598,369.8096554408161
1249,1071.6702892740411,369.8091129606533
1250,1071.6710595958723,369.8085689436909
1251,1071.671832099959,369.80802356605517
1252,1071.6726065362018,369.80747699675925
1253,1071.6733826646018,369.80692941172356
1254,1071.6741602353525,369.80638097938004
1255,1071.6749390092805,369.8058318607215
1256,1071.6757187577755,369.80528220936884
1257,1071.6764992626963,369.80472694557875
1258,1071.6772877372782,369.8041769754415
1259,1071.678068694873,369.8036268726822
1260,1071.6788498407914,369.8030767648908
1261,1071.679630993855,369.8025267428059
1262,1071.6804120252154,369.8019737089206
1263,1071.6811973333326,369.8014589942254
1264,1071.6819282282,369.8009025082149
1265,1071.6827184383349,369.8003475409503
1266,1071.6835064918505,369.799794058773
1267,1071.6842924365424,369.79923900251293
1268,1071.6850806164316,369.79868281777965
1269,1071.6858703987527,369.7981259078049
1270,1071.686661210917,369.79756861898557
1271,1071.6874525610406,369.7970112495115
1272,1071.6882440256936,369.7964540568936
1273,1071.689035239211,369.7958972640746
1274,1071.6898258850142,369.7953410646904
1275,1071.6906156881396,369.7947888894147
1276,1071.6913997770312,369.79424036990133
1277,1071.69217867474,369.79369518057763
1278,1071.6929528435799,369.7931530349029
1279,1071.6937226904379,369.79261370082236
1280,1071.6944885448322,369.79204279503074
1281,1071.6952992310562,369.79151088240224
1282,1071.6960545469888,369.79098129026823
1283,1071.696806567819,369.7904539100016
1284,1071.6975554477976,369.78992845575766
1285,1071.698301592824,369.7894049058235
1286,1071.6990450337307,369.78891282980055
1287,1071.699743781683,369.7884503364196
1288,1071.700400522284,369.78792722862164
1289,1071.7011433353573,369.7874063220177
1290,1071.7018830227348,369.78685479451923
1291,1071.7026661917826,369.7863079694078
1292,1071.703442683441,369.7857656175948
1293,1071.7042128230155,369.7852273410755
1294,1071.7049771756729,369.7846928075214
1295,1071.7057362133196,369.7841617408006
1296,1071.7064903280632,369.7836370644277
1297,1071.7072353685126,369.78311493867903
1298,1071.7079767870757,369.78259526529604
1299,1071.7087147232796,369.7820779850089
1300,1071.7094492612873,369.78156304927097
1301,1071.710180470035,369.78105465741953
1302,1071.710902386464,369.78054826301707
1303,1071.7116214665157,369.7800438558935
1304,1071.7123377246312,369.77954443290554
1305,1071.713046905274,369.7790495292516
1306,1071.7137496684627,369.7785557808142
1307,1071.714450791244,369.7780633229482
1308,1071.7151500814134,369.77757228953243
1309,1071.715847348864,369.7770827925691
1310,1071.7165424345517,369.7765949255078
1311,1071.7172352057787,369.7761087662508
1312,1071.7179255519238,369.77565586923055
1313,1071.7185686656926,369.77517141547156
1314,1071.7192565900305,369.77468894674104
1315,1071.7199416956278,369.7742086775772
1316,1071.7206236778404,369.77373059173607
1317,1071.7213025597348,369.77325465055793
1318,1071.7219783962078,369.7727808673801
1319,1071.7226511683202,369.77233947466704
1320,1071.7232779459728,369.7718681526481
1321,1071.7239472232395,369.77139906447286
1322,1071.7246133284484,369.7709323534593
1323,1071.7252760580877,369.7704679702113
1324,1071.7259354823,369.7700058713964
1325,1071.726591662617,369.76954601994026
1326,1071.727244651685,369.7690883839111
1327,1071.7278944948462,369.7686620262827
1328,1071.7284999226786,369.7682069921701
1329,1071.7291460711185,369.7677542060435
1330,1071.729789027418,369.767303813443
1331,1071.730428584911,369.76685575477086
1332,1071.7310648282255,369.76640997783704
1333,1071.7316978314714,369.7659664379807
1334,1071.7323276580673,369.76555682411816
1335,1071.7329093097524,369.76514373676514
1336,1071.7334958937936,369.76473467954077
1337,1071.7340767550522,369.7643259138022
1338,1071.7346572024007,369.7639141555634
1339,1071.7352418991,369.76350338980063
1340,1071.735825186483,369.7630973107971
1341,1071.7364018186681,369.762688832689
1342,1071.7369818575817,369.76227937458424
1343,1071.7375632880903,369.7618694220728
1344,1071.7381454206566,369.76146521843333
1345,1071.7387193898246,369.7610630523312
1346,1071.7392904656897,369.7606628838695
1347,1071.7398587049051,369.7602646633681
1348,1071.7404241780173,369.75986836973533
1349,1071.7409869149758,369.759470621173
1350,1071.7415517179343,369.7590783348152
1351,1071.7421087645625,369.7586879127831
1352,1071.742663163848,369.75827447962166
1353,1071.7432502389372,369.75788922525646
1354,1071.7437973001358,369.7575056945715
1355,1071.7443419137085,369.75712388646554
1356,1071.744884081219,369.7567436537087
1357,1071.7454240117336,369.75633740355863
1358,1071.7460008869466,369.7559313502145
1359,1071.7465774826956,369.7555256117674
1360,1071.7471536312903,369.75512013691156
1361,1071.7477294055857,369.75473905856296
1362,1071.7482705368407,369.7543567322061
1363,1071.7488134402674,369.75397320941505
1364,1071.7493580426308,369.75358854249777
1365,1071.7499042696531,369.7531789358974
1366,1071.7504859110259,369.75277007405487
1367,1071.7510664948422,369.7523619853358
1368,1071.751645980823,369.75195454298483
1369,1071.7522245489615,369.75157161739645
1370,1071.752768303297,369.7511877562042
1371,1071.75331338619,369.7508029587777
1372,1071.7538597985358,369.7504172338627
1373,1071.754407527915,369.75043716889775
1374,1071.7543792201652,369.75043331936996
1375,1071.7543846864946,369.7504071822384
1376,1071.7544218012215,369.7503601519193
1377,1071.7544885842744,369.75029591282015
1378,1071.7545798037954,369.7502381066111
1379,1071.7546618886122,369.750185053496
1380,1071.7547372240356,369.7501364613297
1381,1071.7548062249118,369.7500907935338
1382,1071.7548710731821,369.7500491361632
1383,1071.7549302266482,369.7500112418206
1384,1071.7549840366148,369.74997687802323
1385,1071.755032833207,369.74994582630734
1386,1071.7550769266436,369.74991788270415
1387,1071.75511660656,369.7498940815522
1388,1071.7551504041958,369.7498717128239
1389,1071.75518216779,369.7498519117695
1390,1071.7552102852874,369.74983451796254
1391,1071.7552349844932,369.74981938065963
1392,1071.7552564794632,369.74980635821817
1393,1071.7552749713302,369.74979531754855
1394,1071.755290649081,369.7497873200999
1395,1071.7553020054581,369.74977980396585
1396,1071.7553126783685,369.7497739209551
1397,1071.7553210322437,369.7497695670837
1398,1071.755327214741,369.7497666446539
1399,1071.7553313645915,369.75548730201956
1400,1071.7472080311322,369.76052761081377
1401,1071.7400507926445,369.83295835260583
1402,1071.6371991392998,369.82973654200447
1403,1071.6417741103537,369.8266452501717
1404,1071.6461637447562,369.8241030863971
1405,1071.649773617316,369.821714446166
1406,1071.6531654864443,369.81977879344504
1407,1071.655914113308,369.81821511601356
1408,1071.6581345352606,369.8169587881984
1409,1071.6599185207583,369.81595417641006
1410,1071.6613450694977,369.8151553564897
1411,1071.6624793937845,369.81452443682804
1412,1071.663375299704,369.8140301842607
1413,1071.66407713835,369.81364900002643
1414,1071.6646184199626,369.813359270396
1415,1071.6650298360378,369.8131882912605
1416,1071.6652726264101,369.81306516702915
1417,1071.6654474628185,369.81295038929915
1418,1071.6656104471951,369.81287306414583
1419,1071.6657202489127,369.81282537954337
1420,1071.6657879610484,369.81280089197367
1421,1071.6658227333974,369.8127941220059
1422,1071.6658323467516,369.812788684739
1423,1071.6658400676706,369.8127961389645
1424,1071.6658294826705,369.81281304646296
1425,1071.6658054740226,369.8128414099939
1426,1071.6657651978087,369.81287216291275
1427,1071.6657215286639,369.81290380490884
1428,1071.6656765970295,369.81293517794114
1429,1071.6656320473235,369.8129651857357
1430,1071.6655894362552,369.812993134204
1431,1071.6655497494303,369.8130184976019
1432,1071.6655137334053,369.81304088714325
1433,1071.6654819402565,369.8130600240379
1434,1071.6654547658661,369.81307571842
1435,1071.6654324798437,369.8130878520283
1436,1071.6654152501198,369.81309636398186
1437,1071.6654031631456,369.8131012391039
1438,1071.6653962404725,369.81310249834837
1439,1071.6653944523453,369.81310019096105
1440,1071.6653977288352,369.81309380505405
1441,1071.6654067968234,369.81308354749115
1442,1071.6654213625625,369.8130696209276
1443,1071.6654411382829,369.81305222232845
1444,1071.6654658442935,369.8130315385258
1445,1071.6654952152933,369.8130069180417
1446,1071.6655301763808,369.81298023632974
1447,1071.6655680644117,369.81294995080987
1448,1071.66561106985,369.81291708739127
1449,1071.6656577359045,369.8128817823062
1450,1071.665707869125,369.8128441707269
1451,1071.6657612775678,369.812804184083
1452,1071.665818058602,369.8127619566781
1453,1071.665878021517,369.81271761707023
1454,1071.6659409837603,369.81267152093477
1455,1071.6660064402727,369.8126237600411
1456,1071.6660742607417,369.81257520773346
1457,1071.6661432050184,369.812525110464
1458,1071.6662143431413,369.812473552243
1459,1071.666287555815,369.81242061432135
1460,1071.6663627276637,369.81236637970375
1461,1071.6664397408208,369.8123109274787
1462,1071.6665184829803,369.81225433295214
1463,1071.666598847208,369.8121968612645
1464,1071.6666804570045,369.8121387345772
1465,1071.6667629969004,369.81207938521936
1466,1071.6668472729884,369.8120205160459
1467,1071.666930867215,369.8119614524302
1468,1071.6670147375492,369.81190210478405
1469,1071.6670990112066,369.81184240033406
1470,1071.6671837915255,369.8117822905369
1471,1071.6672691474378,369.81172174334284
1472,1071.667355124453,369.8116607399753
1473,1071.667441749235,369.8115985481927
1474,1071.6675300615664,369.81153665978707
1475,1071.6676179431024,369.81147431138515
1476,1071.667706477833,369.8114115150703
1477,1071.6677956486,369.8113475724104
1478,1071.6678864471774,369.8112839663754
1479,1071.667976767747,369.8112192600356
1480,1071.6680686507493,369.81115492588685
1481,1071.6681600052407,369.8110895392661
1482,1071.6682528542422,369.81102456113666
1483,1071.6683451231859,369.8109592722262
1484,1071.6684378334387,369.8108936992112
1485,1071.66853094712,369.8108278641295
1486,1071.6686244329362,369.81076179330387
1487,1071.6687182535084,369.8106955121454
1488,1071.6688123727536,369.8106283716287
1489,1071.6689077122874,369.81056178269506
1490,1071.669002268573,369.81049505145273
1491,1071.6690970269372,369.810428199585
1492,1071.6691919565892,369.8103612438774
1493,1071.669287033694,369.8102942049749
1494,1071.6693822289355,369.81022710248504
1495,1071.669477514471,369.8101545935884
1496,1071.6695804771043,369.8100824008513
1497,1071.669682990791,369.81001052044445
1498,1071.669785060969,369.8099389175294
1499,1071.6698867371083,369.80986756453353
1500,1071.6699880583624,369.80979644009403
1501,1071.6700890550665,369.8097255279476
1502,1071.6701897503144,369.80965481600595
1503,1071.6702901612716,369.80958898279044
1504,1071.6703836444376,369.80951836631453
1505,1071.6704839198333,369.8094532372276
1506,1071.6705764031367,369.8093827251855
1507,1071.6706765302365,369.8093170678447
1508,1071.6707697636605,369.8092513509181
1509,1071.6708630816963,369.8091862251915
1510,1071.6709555602279,369.80911590792795
1511,1071.6710554107422,369.80905042187743
1512,1071.671148400934,369.80898557265755
1513,1071.6712404868263,369.80892075118635
1514,1071.6713325333153,369.80885595501013
1515,1071.6714245438857,369.8087912108893
1516,1071.6715164805373,369.8087265271801
1517,1071.671608331404,369.808657576485
1518,1071.6717062413913,369.8085933519756
1519,1071.6717974401945,369.80852495835927
1520,1071.6718945591297,369.80846125186434
1521,1071.6719850223526,369.8083976493546
1522,1071.6720753379163,369.8083341707062
1523,1071.6721654775972,369.8082708080637
1524,1071.6722554525495,369.8082075818634
1525,1071.672345233754,369.80814450959025
1526,1071.6724347963818,369.808077449732
1527,1071.6725300213805,369.8080108455655
1528,1071.672624599297,369.8079446903831
1529,1071.672718539656,369.8078789527567
1530,1071.6728118870856,369.807817715495
1531,1071.6728988439972,369.8077565964486
1532,1071.672985633043,369.8076955902838
1533,1071.673072261797,369.8076346944149
1534,1071.673158733931,369.8075739324682
1535,1071.6732450158952,369.8075133245203
1536,1071.673331079181,369.8074528874711
1537,1071.673416899791,369.8073881505973
1538,1071.6735088261516,369.80732390662075
1539,1071.6736000525984,369.8072606673349
1540,1071.6736898523845,369.8071978428502
1541,1071.6737790631528,369.80713540008486
1542,1071.6738677318795,369.80707332474344
1543,1071.6739558788643,369.8070119628488
1544,1071.6740430127547,369.80695124108365
1545,1071.6741292376612,369.80689109570625
1546,1071.674214644097,369.8068314713817
1547,1071.674299310638,369.80677232224576
1548,1071.6743833024111,369.80671325845
1549,1071.6744671730012,369.8066538053185
1550,1071.6745515964476,369.8065943663775
1551,1071.674635999744,369.8065349380304
1552,1071.6747203879968,369.8064755178087
1553,1071.6748047647116,369.80641610143283
1554,1071.6748891359653,369.8063566854656
1555,1071.6749735066387,369.80629691956
1556,1071.6750583742248,369.80623720392674
1557,1071.675143170424,369.80617753033755
1558,1071.6752279069206,369.8061178939146
1559,1071.6753125906412,369.8060579345351
1560,1071.6753977329602,369.8059977028142
1561,1071.6754832620038,369.8059372414728
1562,1071.6755691171086,369.80587658630526
1563,1071.6756552474465,369.8058157655507
1564,1071.675741612918,369.8057561892143
1565,1071.6758262113158,369.8056962762428
1566,1071.6759112877353,369.80563607234006
1567,1071.675996777277,369.8055756237424
1568,1071.6760826142859,369.8055149706643
1569,1071.6761687416565,369.80545414671826
1570,1071.6762551116599,369.80539317998966
1571,1071.6763416844146,369.8053320939454
1572,1071.6764284265973,369.80527090819356
1573,1071.6765153103652,369.80531344600865
1574,1071.6764549066677,369.8053496754428
1575,1071.6764034608711,369.80538372746634
1576,1071.6763551069978,369.8054157329469
1577,1071.6763096592153,369.80544581488624
1578,1071.6762669428615,369.80547408889294
1579,1071.676226793772,369.80550066362696
1580,1071.6761890576497,369.8055256412173
1581,1071.6761535894716,369.80554911765455
1582,1071.6761202529306,369.80557118315994
1583,1071.676088919913,369.805591922532
1584,1071.6760594700045,369.8056114154726
1585,1071.676031790029,369.80562973689325
1586,1071.6760057736115,369.8056469572031
1587,1071.6759813207716,369.8056631425796
1588,1071.675958337537,369.8056783552226
1589,1071.675936735584,369.8056926535938
1590,1071.675916431897,369.80570609264106
1591,1071.6758973484498,369.80770285082417
1592,1071.6730619518298,369.80947732277195
1593,1071.670542201664,369.81114506440224
1594,1071.6681740085487,369.81261612635996
1595,1071.6660851005688,369.81385405135984
1596,1071.664327247069,369.8149646737266
1597,1071.6627501633084,369.81596584122275
1598,1071.6613285054636,369.81687213616544
1599,1071.660041566645,369.81772395357604
1600,1071.658831985922,369.818524570588
1601,1071.657695109765,369.82435976931504
1602,1071.6494091275727,369.82417414549855
1603,1071.6496727133922,369.82399242696994
1604,1071.6499307537026,369.82381467201736
1605,1071.6501831657354,369.82367503460915
1606,1071.650381450855,369.823586720086
1607,1071.650506857478,369.82350371060255
1608,1071.6506247309444,369.82345562883614
1609,1071.6506930070527,369.823410435403
1610,1071.6507571817278,369.8233889755205
1611,1071.6507876547607,369.82337687458556
1612,1071.6508048380883,369.8233722533364
1613,1071.6508114002622,369.82337362480285
1614,1071.6508094527799,369.8233797589505
1615,1071.6508007422904,369.82338963939696
1616,1071.6507867120563,369.82340242775524
1617,1071.6507685525876,369.82341743386604
1618,1071.6507472439102,369.82343409094614
1619,1071.6507235908566,369.8234519348443
1620,1071.6506982525211,369.8234687068001
1621,1071.6506744363437,369.82348797164394
1622,1071.6506470802656,369.8235060791847
1623,1071.6506213675577,369.8235254123066
1624,1071.6505939145245,369.8235445189269
1625,1071.6505667831238,369.8235624777508
1626,1071.6505412815939,369.82358017070845
1627,1071.650516157594,369.8235975172796
1628,1071.650491525463,369.82361445595114
1629,1071.6504674725493,369.8236309360255
1630,1071.6504440708438,369.8236464260919
1631,1071.6504220749493,369.8236619213478
1632,1071.650400071686,369.82367698254626
1633,1071.6503786847843,369.82369188478697
1634,1071.6503575236025,369.8237061626788
1635,1071.650337248996,369.82371983071744
1636,1071.6503178403814,369.8237329885274
1637,1071.650299156291,369.82374563924554
1638,1071.6502811922714,369.8237577887121
1639,1071.6502639400287,369.82376944543233
1640,1071.6502473874862,369.8237806199727
1641,1071.6502315196387,369.8237913244601
1642,1071.6502163192667,369.8238015116289
1643,1071.650201853487,369.82381108682813
1644,1071.650188256704,369.8238200868207
1645,1071.6501754767146,369.82382854616105
1646,1071.6501634644515,369.82383649732776
1647,1071.6501521737946,369.8238439708483
1648,1071.6501415613952,369.8238511165191
1649,1071.650131414543,369.8238582138528
1650,1071.650121336329,369.82386488483263
1651,1071.6501118635376,369.82387179003706
1652,1071.6501020581472,369.8238785393961
1653,1071.6500924740576,369.82388511066097
1654,1071.6500831428614,369.8238915327696
1655,1071.6500740234671,369.82389778695637
1656,1071.650065142522,369.8239038199437
1657,1071.6500565756799,369.82390959250534
1658,1071.6500483786424,369.8239151844554
1659,1071.6500404380733,369.8239205900132
1660,1071.6500327621811,369.8239258055137
1661,1071.6500253561705,369.8239308294968
1662,1071.6500182221143,369.8239356011867
1663,1071.650011446315,369.8239401344072
1664,1071.6500050091418,369.8239444424867
1665,1071.649998891669,369.8239485381848
1666,1071.6499930757775,369.8239524332901
1667,1071.649987544728,369.8239561387233
1668,1071.6499822830128,369.8239596646294
1669,1071.6499772762263,369.8239630204596
1670,1071.6499725109475,369.8239662150416
1671,1071.649967974641,369.8239692566403
1672,1071.649963655571,369.82397215300966
1673,1071.6499595427263,369.8239749114384
1674,1071.6499556257575,369.8239775565675
1675,1071.6499518696742,369.82398009122176
1676,1071.649948270465,369.82398251837765
1677,1071.6499448239038,369.8239848412324
1678,1071.64994152545,369.8239870483202
1679,1071.6499383913851,369.82398916023203
1680,1071.6499353924705,369.8239911801816
1681,1071.649932524142,369.8239931113389
1682,1071.6499297818987,369.8239949569114
1683,1071.6499271611858,369.82399672011263
1684,1071.64992465744,369.8239984041359
1685,1071.6499222661269,369.82400000134686
1686,1071.6499199980874,369.8240015170208
1687,1071.6499178458305,369.824002970449
1688,1071.6499157819624,369.82400435080564
1689,1071.649913821856,369.82400566225175
1690,1071.6499119596024,369.8240069087174
1691,1071.649910189621,369.8240080938335
1692,1071.6499085067562,369.82400920775734
1693,1071.6499069249844,369.82401028082205
1694,1071.6499054012327,369.8240113018915
1695,1071.6499039513142,369.8240122736106
1696,1071.649902571473,369.82401319854335
1697,1071.6499012580684,369.8240140790927
1698,1071.6499000076883,369.8240149175142
1699,1071.6498988171297,369.8240157159285
1700,1071.6498976833814,369.8240164763327
1701,1071.6498966036074,369.8240171910579
1702,1071.6498955886977,369.8240178768932
1703,1071.6498946148117,369.824018521529
1704,1071.6498936994287,369.82401912744024
1705,1071.6498928390347,369.8240196969532
1706,1071.6498920303266,369.8240202322544
1707,1071.6498912701986,369.82402073539896
1708,1071.6498905557335,369.8240212214858
1709,1071.6498898654902,369.824021685111
1710,1071.6498892071422,369.8240221272831
1711,1071.649888579258,369.824022548927
1712,1071.6498879805235,369.82402295097336
1713,1071.6498874096178,369.8240233343147
1714,1071.6498868652732,369.82402369980633
1715,1071.649886346275,369.8240240482672
1716,1071.6498858514606,369.8240243804806
1717,1071.6498853797175,369.82402470143916
1718,1071.6498849239565,369.82402500715676
1719,1071.6498844898374,369.8240252983556
1720,1071.6498840763352,369.82402557574903
1721,1071.6498836824362,369.8240258415945
1722,1071.6498833049359,369.82402609620726
1723,1071.6498829433858,369.8240263382924
1724,1071.6498825996248,369.824026565835
1725,1071.6498822765143,369.8240267878848
1726,1071.6498819612034,369.82402699659565
1727,1071.649881664834,369.8240271975169
1728,1071.649881379526,369.824027388636
1729,1071.649881108137,369.8240275704626
1730,1071.6498808499432,369.8240277434882
1731,1071.6498806042468,369.82402790817235
1732,1071.6498803703953,369.8240280649451
1733,1071.6498801477778,369.82402821420993
1734,1071.649879935822,369.82402835450813
1735,1071.6498797365985,369.82402848821624
1736,1071.6498795467328,369.82402861565873
1737,1071.6498793657647,369.82402873714153
1738,1071.649879193259,369.8240288529428
1739,1071.6498790288213,369.8240289647947
1740,1071.6498788699914,369.8240290713255
1741,1071.649878718718,369.82402917339573
1742,1071.649878573778,369.82402927055347
1743,1071.6498784358141,369.8240293630467
1744,1071.6498783044735,369.82402945111284
1745,1071.6498781794198,369.8240295354758
1746,1071.6498780596244,369.82402961576616
1747,1071.649877945612,369.82402969264643
1748,1071.649877836442,369.8240297666771
1749,1071.6498777313186,369.8240298383265
1750,1071.6498776295762,369.82402990798613
1751,1071.6498775306595,369.82402997598297
1752,1071.6498774341042,369.8240300425903
1753,1071.6498773395217,369.8240301080366
1754,1071.649877246588,369.8240301725126
1755,1071.649877155032,369.8240302331154
1756,1071.649877068976,369.8240302900777
1757,1071.6498769880895,369.8240303436181
1758,1071.6498769120622,369.8240303939423
1759,1071.6498768406018,369.8240304412434
1760,1071.6498767734342,369.824030485703
1761,1071.6498767103017,369.82403052749186
1762,1071.6498766509617,369.8240305667704
1763,1071.649876595186,369.8240306036894
1764,1071.649876542761,369.8240306383906
1765,1071.6498764934854,369.8240306710072
1766,1071.6498764471698,369.82403070166447
1767,1071.6498764036364,369.8240307304801
1768,1071.6498763627183,369.8240251446966
1769,1071.6498842945307,369.8240199216337
1770,1071.6498917112801,369.82401503937064
1771,1071.6498986440938,369.8240104773038
1772,1071.6499051222286,369.824006216068
1773,1071.6499111731832,369.8240022374625
1774,1071.6499168228033,369.82399852438004
1775,1071.6499220953804,369.8239950607419
1776,1071.6499270137465,369.82399183143576
1777,1071.6499315993613,369.8239888222578
1778,1071.649935872394,369.82398601985795
1779,1071.6499398518017,369.82398341168886
1780,1071.649943555402,369.8239809859574
1781,1071.6499469999403,369.82397873157953
1782,1071.649950201157,369.82364369726366
1783,1071.6504259498856,369.8233609215046
1784,1071.6508274914636,369.8231241288956
1785,1071.651163736968,369.82292776355246
1786,1071.6514425757555,369.822763217179
1787,1071.651676231606,369.82262524887665
1788,1071.651872146595,369.82250946841924
1789,1071.6520365548447,369.82241225310344
1790,1071.652174600593,369.8223305539622
1791,1071.6522906133737,369.82226182295756
1792,1071.6523882114002,369.82220449905566
1793,1071.652469611341,369.8221506424887
1794,1071.652546087666,369.8221101132414
1795,1071.6526036391972,369.8220758285041
1796,1071.652652323524,369.8220467298155
1797,1071.6526936436621,369.82202196667765
1798,1071.6527288073175,369.82200082861357
1799,1071.6527588233687,369.8219827219176
1800,1071.652784534877,369.82196717327935
1801,1071.6528066139433,369.8147697357615
1802,1071.6630269752186,369.81519791496555
1803,1071.662418960749,369.81560040954815
1804,1071.6618474184415,369.8159787348128
1805,1071.6613101965659,369.8162922804597
1806,1071.6608649617472,369.8165515382489
1807,1071.6604968156867,369.8167655769593
1808,1071.6601928807177,369.8169422134421
1809,1071.6599420569123,369.81708791934875
1810,1071.6597351545247,369.81720804861925
1811,1071.6595645709608,369.81729546944086
1812,1071.659440433394,369.8173776561414
1813,1071.659323728279,369.8174453408727
1814,1071.6592276159608,369.81750102990287
1815,1071.659148537538,369.81754119476176
1816,1071.6590915034383,369.8175789645718
1817,1071.659037870308,369.81760988369905
1818,1071.6589939651474,369.8176351368919
1819,1071.6589581056135,369.81765567169185
1820,1071.6589289461976,369.81767230560916
1821,1071.658905326035,369.81768571500123
1822,1071.6588862846984,369.81769644179184
1823,1071.6588710526557,369.81770496752364
1824,1071.6588589461164,369.81771169228296
1825,1071.6588493969582,369.8177169138559
1826,1071.6588419823247,369.81772089384674
1827,1071.6588363307376,369.8177238485955
1828,1071.6588321349943,369.8177259571126
1829,1071.6588291409003,369.8177273674305
1830,1071.6588271382486,369.81772820196255
1831,1071.6588259532132,369.8177285573711
1832,1071.6588254485332,369.8177285461368
1833,1071.6588254644857,369.81772821507553
1834,1071.6588259345926,369.8177276182175
1835,1071.6588267821312,369.81772680087306
1836,1071.6588279427601,369.817725802702
1837,1071.658829360163,369.8177246565334
1838,1071.6588309877225,369.81772338952516
1839,1071.6588327868744,369.81772202412935
1840,1071.6588347257361,369.8177204114979
1841,1071.658837015673,369.81771891184695
1842,1071.6588391451774,369.8177173597857
1843,1071.6588413491043,369.8177157498929
1844,1071.6588436351522,369.8177141068531
1845,1071.6588459682685,369.817712453784
1846,1071.6588483156268,369.8177107642339
1847,1071.6588507147878,369.8177090755329
1848,1071.6588531127431,369.8177073750872
1849,1071.658855527376,369.81770566639204
1850,1071.6588579537233,369.81770395224095
1851,1071.6588603878179,369.81770223503395
1852,1071.6588628262516,369.81770051674977
1853,1071.6588652662153,369.8176987990184
1854,1071.6588677053937,369.81769696805236
1855,1071.6588703053658,369.81769526212776
1856,1071.6588727277785,369.81769344676445
1857,1071.6588753055944,369.8176916427204
1858,1071.6588778673372,369.81768985023064
1859,1071.6588804126725,369.81768818018156
1860,1071.6588827841422,369.8176864026366
1861,1071.658885308256,369.8176846357162
1862,1071.658887817283,369.8176828797271
1863,1071.6588903107875,369.8176811342304
1864,1071.6588927893927,369.8176795079975
1865,1071.6588950986434,369.8176778846439
1866,1071.6588974038057,369.8176761558694
1867,1071.6588998586653,369.8176744377751
1868,1071.6589022983594,369.81767283702163
1869,1071.6589045714293,369.8176712400771
1870,1071.6589068390904,369.81766964689245
1871,1071.6589091014127,369.8176680574603
1872,1071.6589113584064,369.81766647243217
1873,1071.6589136091463,369.8176648785741
1874,1071.6589158724248,369.81766330471555
1875,1071.6589181073039,369.81766173656615
1876,1071.658920334076,369.8176601744236
1877,1071.6589225523185,369.8176586184478
1878,1071.658924761804,369.8176570688491
1879,1071.6589269622343,369.8176555124143
1880,1071.6589291723717,369.81765396352785
1881,1071.6589313717905,369.81765242643394
1882,1071.6589335544638,369.8176508752486
1883,1071.658935757147,369.8176493253091
1884,1071.658937958061,369.8176477777213
1885,1071.6589401556357,369.8176462423908
1886,1071.658942335805,369.81764471857525
1887,1071.658944499623,369.8176432055787
1888,1071.6589466480782,369.81764170275534
1889,1071.6589487820875,369.81764020956376
1890,1071.6589509024193,369.8176387255497
1891,1071.6589530097194,369.8176372376457
1892,1071.658955122543,369.81763577166475
1893,1071.658957204236,369.8176343138412
1894,1071.6589592743453,369.81763277205573
1895,1071.658961463681,369.81763124382434
1896,1071.6589636337694,369.8176297286551
1897,1071.6589657853096,369.8176282255579
1898,1071.6589679197077,369.81762673369565
1899,1071.6589700381521,369.8176252523634
1900,1071.658972141644,369.8176237809666
1901,1071.6589742310275,369.81762231900274
1902,1071.658976307016,369.81762087801496
1903,1071.6589783532186,369.8176194448971
1904,1071.6589803882462,369.81761800753645
1905,1071.6589824292982,369.8176165902029
1906,1071.6589844419118,369.8176151801605
1907,1071.6589864441721,369.81761377723006
1908,1071.6589884363334,369.81761238132975
1909,1071.6589904185116,369.81761098906213
1910,1071.6589923955316,369.81760969201247
1911,1071.6589942373423,369.8176083071435
1912,1071.6589962038563,369.81760692901054
1913,1071.658998160805,369.81760555812633
1914,1071.6590001074605,369.8176041943649
1915,1071.6590020440017,369.8176028376119
1916,1071.6590039705911,369.8176014877668
1917,1071.6590058873712,369.8176002302045
1918,1071.6590076731095,369.81759898493647
1919,1071.6590094413903,369.8175977404266
1920,1071.6590112085942,369.8175964021925
1921,1071.6590131088865,369.8175951553286
1922,1071.6590148794335,369.81759392222443
1923,1071.6590166304413,369.81759269188035
1924,1071.6590183775297,369.8175914534904
1925,1071.6590201360436,369.8175902189808
1926,1071.6590218890474,369.8175889887663
1927,1071.6590236359518,369.8175877631851
1928,1071.659025376277,369.8175864635592
1929,1071.6590272217459,369.81758517416426
1930,1071.6590290526867,369.8175838947984
1931,1071.6590308693862,369.8175826247941
1932,1071.6590326727924,369.81758136358536
1933,1071.6590344637088,369.81758017815184
1934,1071.6590361470244,369.81757906394085
1935,1071.659037729204,369.8175778612111
1936,1071.65903943708,369.8175765764018
1937,1071.6590412615094,369.8175752928849
1938,1071.6590430841034,369.81757401093694
1939,1071.6590449044695,369.8175727378154
1940,1071.6590467123021,369.81757147211437
1941,1071.6590485095976,369.81757021260506
1942,1071.6590502981007,369.8175689582179
1943,1071.6590520793306,369.8175677080672
1944,1071.6590538545447,369.81756646141986
1945,1071.6590556247838,369.8175652176698
1946,1071.6590573909089,369.81756397631574
1947,1071.6590591536317,369.81756280954403
1948,1071.6590608104475,369.81756171287367
1949,1071.6590623677193,369.8175606820929
1950,1071.659063831428,369.81755971324293
1951,1071.659065207195,369.8175588026029
1952,1071.6590665003039,369.81755794667544
1953,1071.659067715721,369.81755714217337
1954,1071.6590688581136,369.81755638600697
1955,1071.6590699318701,369.8175556752722
1956,1071.6590709411134,369.81755500723943
1957,1071.65907188972,369.81755437934305
1958,1071.6590727813327,369.8175537891716
1959,1071.6590736193762,369.81755323445856
1960,1071.6590744070688,369.8175527130735
1961,1071.6590751474355,369.81755222301405
1962,1071.65907584332,369.81755176239807
1963,1071.6590764973948,369.8175513294566
1964,1071.6590771121716,369.8175509225269
1965,1071.6590776900118,369.81755054004617
1966,1071.6590782331346,369.8175501805454
1967,1071.6590787436255,369.81754984264404
1968,1071.6590792234456,369.8175495250443
1969,1071.6590796744372,369.8175492265264
1970,1071.6590800983324,369.81754894594394
1971,1071.6590804967595,369.8175486822193
1972,1071.6590808712485,369.8175484343396
1973,1071.6590812232378,369.81754820135285
1974,1071.659081554079,369.8175479823644
1975,1071.6590818650425,369.817547776533
1976,1071.6590821573232,369.8175475830683
1977,1071.6590824320429,369.8175474012272
1978,1071.6590826902575,369.81754723031145
1979,1071.6590829329577,369.81754706966456
1980,1071.6590831610763,369.8175469186696
1981,1071.659083375489,369.81754677674667
1982,1071.6590835770198,369.8175466433507
1983,1071.659083766442,369.8175465179693
1984,1071.6590839444837,369.817546400121
1985,1071.6590841118282,369.81754628935323
1986,1071.6590842691185,369.81754618524053
1987,1071.6590844169584,369.8175460873831
1988,1071.659084555916,369.8175459954051
1989,1071.6590846865247,369.81754590895326
1990,1071.6590848092865,369.8175458276956
1991,1071.6590849246722,369.81754575132
1992,1071.6590850331256,369.81754567953317
1993,1071.659085135063,369.8175456120594
1994,1071.6590852308755,369.81754554863954
1995,1071.6590853209318,369.81754548903007
1996,1071.6590854055771,369.817545433002
1997,1071.659085485137,369.8175453803402
1998,1071.659085559917,369.81754533084245
1999,1071.6590856302037,369.81754528431856
2000,1071.6590856962675,369.8175452405899
2001,1071.6590857583624,
